client_id,business_name,poc_first_name,poc_last_name,street_number,street_name,city,state_id,state_name,zip_code,poc_phone,
1,ABC Company,John,Smith,123,Main St,Anytown,CA,5,12345,555-555-5555,john.smith@abccompany.com
2,XYZ Inc,Emily,Jones,456,Oak Ave,Smallville,NY,32,54321,555-555-5555,emily.jones@xyzinc.com
3,Acme Corporation,Robert,Johnson,789,Maple St,Bigcity,TX,43,67890,555-555-5555,robert.johnson@acmecorp.com
4,Superior Solutions,Jennifer,Doe,101,First St,Anothercity,CA,5,23456,555-555-5555,jennifer.doe@superiorsolutions.com
5,Global Enterprises,Michael,Williams,234,Fifth Ave,Anytown,NY,32,34567,555-555-5555,michael.williams@globent.com
6,Innovative Ideas,Anna,Kim,678,Ninth St,Smallville,TX,43,45678,555-555-5555,anna.kim@innovideas.com
7,New Horizons,David,Lee,321,Elm St,Bigcity,CA,5,56789,555-555-5555,david.lee@newhorizons.com
8,Progressive Partners,Sarah,Chen,654,Second Ave,Anytown,NY,32,87654,555-555-5555,sarah.chen@progpartners.com
9,Next Generation,Joseph,Garcia,987,Third St,Smallville,TX,43,76543,555-555-5555,joseph.garcia@nextgen.com
10,Forward Thinking,Amy,Rodriguez,432,Park Ave,Bigcity,CA,5,65432,555-555-5555,amy.rodriguez@forwardthinking.com
11,Innovative Concepts,Mark,Kim,876,Elm St,Anytown,NY,32,54321,555-555-5555,mark.kim@innovconcepts.com
12,Creative Minds,Nicole,Lopez,901,Main St,Smallville,TX,43,23456,555-555-5555,nicole.lopez@creativeminds.com
13,Leading Edge,Jonathan,Hernandez,234,Oak Ave,Bigcity,CA,5,34567,555-555-5555,jonathan.hernandez@leadedge.com
14,Innovative Solutions,Amanda,Nguyen,567,Pine St,Anytown,NY,32,45678,555-555-5555,amanda.nguyen@inno-solutions.com
15,Dynamic Strategies,Christopher,Park,890,Maple St,Smallville,TX,43,56789,555-555-5555,christopher.park@dynstrategies.com
16,Global Innovations,Elizabeth,Taylor,123,Oak St,Bigcity,CA,5,67890,555-555-5555,elizabeth.taylor@globinnovations.com
17,Proactive Partners,Nathan,Tran,456,Main St,Anytown,NY,32,67891,555-555-5556,elizabeth.taylor@globinnovations.com
18,ABC Company,John,Smith,124,Main St,Anytown,CA,27.49264706,62295.80147,555-555-5555,john.smith@abccompany.com
19,XYZ Inc,Emily,Jones,457,Oak Ave,Smallville,NY,27.69117647,63496.85784,555-555-5555,emily.jones@xyzinc.com
20,Acme Corporation,Robert,Johnson,790,Maple St,Bigcity,TX,27.88970588,64697.91422,555-555-5555,robert.johnson@acmecorp.com
21,Superior Solutions,Jennifer,Doe,102,First St,Anothercity,CA,28.08823529,65898.97059,555-555-5555,jennifer.doe@superiorsolutions.com
22,Global Enterprises,Michael,Williams,235,Fifth Ave,Anytown,NY,28.28676471,67100.02696,555-555-5555,michael.williams@globent.com
23,Innovative Ideas,Anna,Kim,679,Ninth St,Smallville,TX,28.48529412,68301.08333,555-555-5555,anna.kim@innovideas.com
24,New Horizons,David,Lee,322,Elm St,Bigcity,CA,28.68382353,69502.13971,555-555-5555,david.lee@newhorizons.com
25,Progressive Partners,Sarah,Chen,655,Second Ave,Anytown,NY,28.88235294,70703.19608,555-555-5555,sarah.chen@progpartners.com
26,Next Generation,Joseph,Garcia,988,Third St,Smallville,TX,29.08088235,71904.25245,555-555-5555,joseph.garcia@nextgen.com
27,Forward Thinking,Amy,Rodriguez,433,Park Ave,Bigcity,CA,29.27941176,73105.30882,555-555-5555,amy.rodriguez@forwardthinking.com
28,Innovative Concepts,Mark,Kim,877,Elm St,Anytown,NY,29.47794118,74306.3652,555-555-5555,mark.kim@innovconcepts.com
29,Creative Minds,Nicole,Lopez,902,Main St,Smallville,TX,29.67647059,75507.42157,555-555-5555,nicole.lopez@creativeminds.com
30,Leading Edge,Jonathan,Hernandez,235,Oak Ave,Bigcity,CA,29.875,76708.47794,555-555-5555,jonathan.hernandez@leadedge.com
31,Innovative Solutions,Amanda,Nguyen,568,Pine St,Anytown,NY,30.07352941,77909.53431,555-555-5555,amanda.nguyen@inno-solutions.com
32,Dynamic Strategies,Christopher,Park,891,Maple St,Smallville,TX,30.27205882,79110.59069,555-555-5555,christopher.park@dynstrategies.com
33,Global Innovations,Elizabeth,Taylor,124,Oak St,Bigcity,CA,30.47058824,80311.64706,555-555-5555,elizabeth.taylor@globinnovations.com
34,Proactive Partners,Nathan,Tran,457,Main St,Anytown,NY,30.66911765,81512.70343,555-555-5556,elizabeth.taylor@globinnovations.com
35,ABC Company,John,Smith,125,Main St,Anytown,CA,30.86764706,82713.7598,555-555-5555,john.smith@abccompany.com
36,XYZ Inc,Emily,Jones,458,Oak Ave,Smallville,NY,31.06617647,83914.81618,555-555-5555,emily.jones@xyzinc.com
37,Acme Corporation,Robert,Johnson,791,Maple St,Bigcity,TX,31.26470588,85115.87255,555-555-5555,robert.johnson@acmecorp.com
38,Superior Solutions,Jennifer,Doe,103,First St,Anothercity,CA,31.46323529,86316.92892,555-555-5555,jennifer.doe@superiorsolutions.com
39,Global Enterprises,Michael,Williams,236,Fifth Ave,Anytown,NY,31.66176471,87517.98529,555-555-5555,michael.williams@globent.com
40,Innovative Ideas,Anna,Kim,680,Ninth St,Smallville,TX,31.86029412,88719.04167,555-555-5555,anna.kim@innovideas.com
41,New Horizons,David,Lee,323,Elm St,Bigcity,CA,32.05882353,89920.09804,555-555-5555,david.lee@newhorizons.com
42,Progressive Partners,Sarah,Chen,656,Second Ave,Anytown,NY,32.25735294,91121.15441,555-555-5555,sarah.chen@progpartners.com
43,Next Generation,Joseph,Garcia,989,Third St,Smallville,TX,32.45588235,92322.21078,555-555-5555,joseph.garcia@nextgen.com
44,Forward Thinking,Amy,Rodriguez,434,Park Ave,Bigcity,CA,32.65441176,93523.26716,555-555-5555,amy.rodriguez@forwardthinking.com
45,Innovative Concepts,Mark,Kim,878,Elm St,Anytown,NY,32.85294118,94724.32353,555-555-5555,mark.kim@innovconcepts.com
46,Creative Minds,Nicole,Lopez,903,Main St,Smallville,TX,33.05147059,95925.3799,555-555-5555,nicole.lopez@creativeminds.com
47,Leading Edge,Jonathan,Hernandez,236,Oak Ave,Bigcity,CA,33.25,97126.43627,555-555-5555,jonathan.hernandez@leadedge.com
48,Innovative Solutions,Amanda,Nguyen,569,Pine St,Anytown,NY,33.44852941,98327.49265,555-555-5555,amanda.nguyen@inno-solutions.com
49,Dynamic Strategies,Christopher,Park,892,Maple St,Smallville,TX,33.64705882,99528.54902,555-555-5555,christopher.park@dynstrategies.com
50,Global Innovations,Elizabeth,Taylor,125,Oak St,Bigcity,CA,33.84558824,100729.6054,555-555-5555,elizabeth.taylor@globinnovations.com
51,Proactive Partners,Nathan,Tran,458,Main St,Anytown,NY,34.04411765,101930.6618,555-555-5556,elizabeth.taylor@globinnovations.com
52,ABC Company,John,Smith,126,Main St,Anytown,CA,34.24264706,103131.7181,555-555-5555,john.smith@abccompany.com
53,XYZ Inc,Emily,Jones,459,Oak Ave,Smallville,NY,34.44117647,104332.7745,555-555-5555,emily.jones@xyzinc.com
54,Acme Corporation,Robert,Johnson,792,Maple St,Bigcity,TX,34.63970588,105533.8309,555-555-5555,robert.johnson@acmecorp.com
55,Superior Solutions,Jennifer,Doe,104,First St,Anothercity,CA,34.83823529,106734.8873,555-555-5555,jennifer.doe@superiorsolutions.com
56,Global Enterprises,Michael,Williams,237,Fifth Ave,Anytown,NY,35.03676471,107935.9436,555-555-5555,michael.williams@globent.com
57,Innovative Ideas,Anna,Kim,681,Ninth St,Smallville,TX,35.23529412,109137,555-555-5555,anna.kim@innovideas.com
58,New Horizons,David,Lee,324,Elm St,Bigcity,CA,35.43382353,110338.0564,555-555-5555,david.lee@newhorizons.com
59,Progressive Partners,Sarah,Chen,657,Second Ave,Anytown,NY,35.63235294,111539.1127,555-555-5555,sarah.chen@progpartners.com
60,Next Generation,Joseph,Garcia,990,Third St,Smallville,TX,35.83088235,112740.1691,555-555-5555,joseph.garcia@nextgen.com
61,Forward Thinking,Amy,Rodriguez,435,Park Ave,Bigcity,CA,36.02941176,113941.2255,555-555-5555,amy.rodriguez@forwardthinking.com
62,Innovative Concepts,Mark,Kim,879,Elm St,Anytown,NY,36.22794118,115142.2819,555-555-5555,mark.kim@innovconcepts.com
63,Creative Minds,Nicole,Lopez,904,Main St,Smallville,TX,36.42647059,116343.3382,555-555-5555,nicole.lopez@creativeminds.com
64,Leading Edge,Jonathan,Hernandez,237,Oak Ave,Bigcity,CA,36.625,117544.3946,555-555-5555,jonathan.hernandez@leadedge.com
65,Innovative Solutions,Amanda,Nguyen,570,Pine St,Anytown,NY,36.82352941,118745.451,555-555-5555,amanda.nguyen@inno-solutions.com
66,Dynamic Strategies,Christopher,Park,893,Maple St,Smallville,TX,37.02205882,119946.5074,555-555-5555,christopher.park@dynstrategies.com
67,Global Innovations,Elizabeth,Taylor,126,Oak St,Bigcity,CA,37.22058824,121147.5637,555-555-5555,elizabeth.taylor@globinnovations.com
68,Proactive Partners,Nathan,Tran,459,Main St,Anytown,NY,37.41911765,122348.6201,555-555-5556,elizabeth.taylor@globinnovations.com
69,ABC Company,John,Smith,127,Main St,Anytown,CA,37.61764706,123549.6765,555-555-5555,john.smith@abccompany.com
70,XYZ Inc,Emily,Jones,460,Oak Ave,Smallville,NY,37.81617647,124750.7328,555-555-5555,emily.jones@xyzinc.com
71,Acme Corporation,Robert,Johnson,793,Maple St,Bigcity,TX,38.01470588,125951.7892,555-555-5555,robert.johnson@acmecorp.com
72,Superior Solutions,Jennifer,Doe,105,First St,Anothercity,CA,38.21323529,127152.8456,555-555-5555,jennifer.doe@superiorsolutions.com
73,Global Enterprises,Michael,Williams,238,Fifth Ave,Anytown,NY,38.41176471,128353.902,555-555-5555,michael.williams@globent.com
74,Innovative Ideas,Anna,Kim,682,Ninth St,Smallville,TX,38.61029412,129554.9583,555-555-5555,anna.kim@innovideas.com
75,New Horizons,David,Lee,325,Elm St,Bigcity,CA,38.80882353,130756.0147,555-555-5555,david.lee@newhorizons.com
76,Progressive Partners,Sarah,Chen,658,Second Ave,Anytown,NY,39.00735294,131957.0711,555-555-5555,sarah.chen@progpartners.com
77,Next Generation,Joseph,Garcia,991,Third St,Smallville,TX,39.20588235,133158.1275,555-555-5555,joseph.garcia@nextgen.com
78,Forward Thinking,Amy,Rodriguez,436,Park Ave,Bigcity,CA,39.40441176,134359.1838,555-555-5555,amy.rodriguez@forwardthinking.com
79,Innovative Concepts,Mark,Kim,880,Elm St,Anytown,NY,39.60294118,135560.2402,555-555-5555,mark.kim@innovconcepts.com
80,Creative Minds,Nicole,Lopez,905,Main St,Smallville,TX,39.80147059,136761.2966,555-555-5555,nicole.lopez@creativeminds.com
81,Leading Edge,Jonathan,Hernandez,238,Oak Ave,Bigcity,CA,40,137962.3529,555-555-5555,jonathan.hernandez@leadedge.com
82,Innovative Solutions,Amanda,Nguyen,571,Pine St,Anytown,NY,40.19852941,139163.4093,555-555-5555,amanda.nguyen@inno-solutions.com
83,Dynamic Strategies,Christopher,Park,894,Maple St,Smallville,TX,40.39705882,140364.4657,555-555-5555,christopher.park@dynstrategies.com
84,Global Innovations,Elizabeth,Taylor,127,Oak St,Bigcity,CA,40.59558824,141565.5221,555-555-5555,elizabeth.taylor@globinnovations.com
85,Proactive Partners,Nathan,Tran,460,Main St,Anytown,NY,40.79411765,142766.5784,555-555-5556,elizabeth.taylor@globinnovations.com
86,ABC Company,John,Smith,128,Main St,Anytown,CA,40.99264706,143967.6348,555-555-5555,john.smith@abccompany.com
87,XYZ Inc,Emily,Jones,461,Oak Ave,Smallville,NY,41.19117647,145168.6912,555-555-5555,emily.jones@xyzinc.com
88,Acme Corporation,Robert,Johnson,794,Maple St,Bigcity,TX,41.38970588,146369.7475,555-555-5555,robert.johnson@acmecorp.com
89,Superior Solutions,Jennifer,Doe,106,First St,Anothercity,CA,41.58823529,147570.8039,555-555-5555,jennifer.doe@superiorsolutions.com
90,Global Enterprises,Michael,Williams,239,Fifth Ave,Anytown,NY,41.78676471,148771.8603,555-555-5555,michael.williams@globent.com
91,Innovative Ideas,Anna,Kim,683,Ninth St,Smallville,TX,41.98529412,149972.9167,555-555-5555,anna.kim@innovideas.com
92,New Horizons,David,Lee,326,Elm St,Bigcity,CA,42.18382353,151173.973,555-555-5555,david.lee@newhorizons.com
93,Progressive Partners,Sarah,Chen,659,Second Ave,Anytown,NY,42.38235294,152375.0294,555-555-5555,sarah.chen@progpartners.com
94,Next Generation,Joseph,Garcia,992,Third St,Smallville,TX,42.58088235,153576.0858,555-555-5555,joseph.garcia@nextgen.com
95,Forward Thinking,Amy,Rodriguez,437,Park Ave,Bigcity,CA,42.77941176,154777.1422,555-555-5555,amy.rodriguez@forwardthinking.com
96,Innovative Concepts,Mark,Kim,881,Elm St,Anytown,NY,42.97794118,155978.1985,555-555-5555,mark.kim@innovconcepts.com
97,Creative Minds,Nicole,Lopez,906,Main St,Smallville,TX,43.17647059,157179.2549,555-555-5555,nicole.lopez@creativeminds.com
98,Leading Edge,Jonathan,Hernandez,239,Oak Ave,Bigcity,CA,43.375,158380.3113,555-555-5555,jonathan.hernandez@leadedge.com
99,Innovative Solutions,Amanda,Nguyen,572,Pine St,Anytown,NY,43.57352941,159581.3676,555-555-5555,amanda.nguyen@inno-solutions.com
100,Dynamic Strategies,Christopher,Park,895,Maple St,Smallville,TX,43.77205882,160782.424,555-555-5555,christopher.park@dynstrategies.com
101,Global Innovations,Elizabeth,Taylor,128,Oak St,Bigcity,CA,43.97058824,161983.4804,555-555-5555,elizabeth.taylor@globinnovations.com
102,Proactive Partners,Nathan,Tran,461,Main St,Anytown,NY,44.16911765,163184.5368,555-555-5556,elizabeth.taylor@globinnovations.com
103,ABC Company,John,Smith,129,Main St,Anytown,CA,44.36764706,164385.5931,555-555-5555,john.smith@abccompany.com
104,XYZ Inc,Emily,Jones,462,Oak Ave,Smallville,NY,44.56617647,165586.6495,555-555-5555,emily.jones@xyzinc.com
105,Acme Corporation,Robert,Johnson,795,Maple St,Bigcity,TX,44.76470588,166787.7059,555-555-5555,robert.johnson@acmecorp.com
106,Superior Solutions,Jennifer,Doe,107,First St,Anothercity,CA,44.96323529,167988.7623,555-555-5555,jennifer.doe@superiorsolutions.com
107,Global Enterprises,Michael,Williams,240,Fifth Ave,Anytown,NY,45.16176471,169189.8186,555-555-5555,michael.williams@globent.com
108,Innovative Ideas,Anna,Kim,684,Ninth St,Smallville,TX,45.36029412,170390.875,555-555-5555,anna.kim@innovideas.com
109,New Horizons,David,Lee,327,Elm St,Bigcity,CA,45.55882353,171591.9314,555-555-5555,david.lee@newhorizons.com
110,Progressive Partners,Sarah,Chen,660,Second Ave,Anytown,NY,45.75735294,172792.9877,555-555-5555,sarah.chen@progpartners.com
111,Next Generation,Joseph,Garcia,993,Third St,Smallville,TX,45.95588235,173994.0441,555-555-5555,joseph.garcia@nextgen.com
112,Forward Thinking,Amy,Rodriguez,438,Park Ave,Bigcity,CA,46.15441176,175195.1005,555-555-5555,amy.rodriguez@forwardthinking.com
113,Innovative Concepts,Mark,Kim,882,Elm St,Anytown,NY,46.35294118,176396.1569,555-555-5555,mark.kim@innovconcepts.com
114,Creative Minds,Nicole,Lopez,907,Main St,Smallville,TX,46.55147059,177597.2132,555-555-5555,nicole.lopez@creativeminds.com
115,Leading Edge,Jonathan,Hernandez,240,Oak Ave,Bigcity,CA,46.75,178798.2696,555-555-5555,jonathan.hernandez@leadedge.com
116,Innovative Solutions,Amanda,Nguyen,573,Pine St,Anytown,NY,46.94852941,179999.326,555-555-5555,amanda.nguyen@inno-solutions.com
117,Dynamic Strategies,Christopher,Park,896,Maple St,Smallville,TX,47.14705882,181200.3824,555-555-5555,christopher.park@dynstrategies.com
118,Global Innovations,Elizabeth,Taylor,129,Oak St,Bigcity,CA,47.34558824,182401.4387,555-555-5555,elizabeth.taylor@globinnovations.com
119,Proactive Partners,Nathan,Tran,462,Main St,Anytown,NY,47.54411765,183602.4951,555-555-5556,elizabeth.taylor@globinnovations.com
120,ABC Company,John,Smith,130,Main St,Anytown,CA,47.74264706,184803.5515,555-555-5555,john.smith@abccompany.com
121,XYZ Inc,Emily,Jones,463,Oak Ave,Smallville,NY,47.94117647,186004.6078,555-555-5555,emily.jones@xyzinc.com
122,Acme Corporation,Robert,Johnson,796,Maple St,Bigcity,TX,48.13970588,187205.6642,555-555-5555,robert.johnson@acmecorp.com
123,Superior Solutions,Jennifer,Doe,108,First St,Anothercity,CA,48.33823529,188406.7206,555-555-5555,jennifer.doe@superiorsolutions.com
124,Global Enterprises,Michael,Williams,241,Fifth Ave,Anytown,NY,48.53676471,189607.777,555-555-5555,michael.williams@globent.com
125,Innovative Ideas,Anna,Kim,685,Ninth St,Smallville,TX,48.73529412,190808.8333,555-555-5555,anna.kim@innovideas.com
126,New Horizons,David,Lee,328,Elm St,Bigcity,CA,48.93382353,192009.8897,555-555-5555,david.lee@newhorizons.com
127,Progressive Partners,Sarah,Chen,661,Second Ave,Anytown,NY,49.13235294,193210.9461,555-555-5555,sarah.chen@progpartners.com
128,Next Generation,Joseph,Garcia,994,Third St,Smallville,TX,49.33088235,194412.0025,555-555-5555,joseph.garcia@nextgen.com
129,Forward Thinking,Amy,Rodriguez,439,Park Ave,Bigcity,CA,49.52941176,195613.0588,555-555-5555,amy.rodriguez@forwardthinking.com
130,Innovative Concepts,Mark,Kim,883,Elm St,Anytown,NY,49.72794118,196814.1152,555-555-5555,mark.kim@innovconcepts.com
131,Creative Minds,Nicole,Lopez,908,Main St,Smallville,TX,49.92647059,198015.1716,555-555-5555,nicole.lopez@creativeminds.com
132,Leading Edge,Jonathan,Hernandez,241,Oak Ave,Bigcity,CA,50.125,199216.2279,555-555-5555,jonathan.hernandez@leadedge.com
133,Innovative Solutions,Amanda,Nguyen,574,Pine St,Anytown,NY,50.32352941,200417.2843,555-555-5555,amanda.nguyen@inno-solutions.com
134,Dynamic Strategies,Christopher,Park,897,Maple St,Smallville,TX,50.52205882,201618.3407,555-555-5555,christopher.park@dynstrategies.com
135,Global Innovations,Elizabeth,Taylor,130,Oak St,Bigcity,CA,50.72058824,202819.3971,555-555-5555,elizabeth.taylor@globinnovations.com
136,Proactive Partners,Nathan,Tran,463,Main St,Anytown,NY,50.91911765,204020.4534,555-555-5556,elizabeth.taylor@globinnovations.com
137,ABC Company,John,Smith,131,Main St,Anytown,CA,51.11764706,205221.5098,555-555-5555,john.smith@abccompany.com
138,XYZ Inc,Emily,Jones,464,Oak Ave,Smallville,NY,51.31617647,206422.5662,555-555-5555,emily.jones@xyzinc.com
139,Acme Corporation,Robert,Johnson,797,Maple St,Bigcity,TX,51.51470588,207623.6225,555-555-5555,robert.johnson@acmecorp.com
140,Superior Solutions,Jennifer,Doe,109,First St,Anothercity,CA,51.71323529,208824.6789,555-555-5555,jennifer.doe@superiorsolutions.com
141,Global Enterprises,Michael,Williams,242,Fifth Ave,Anytown,NY,51.91176471,210025.7353,555-555-5555,michael.williams@globent.com
142,Innovative Ideas,Anna,Kim,686,Ninth St,Smallville,TX,52.11029412,211226.7917,555-555-5555,anna.kim@innovideas.com
143,New Horizons,David,Lee,329,Elm St,Bigcity,CA,52.30882353,212427.848,555-555-5555,david.lee@newhorizons.com
144,Progressive Partners,Sarah,Chen,662,Second Ave,Anytown,NY,52.50735294,213628.9044,555-555-5555,sarah.chen@progpartners.com
145,Next Generation,Joseph,Garcia,995,Third St,Smallville,TX,52.70588235,214829.9608,555-555-5555,joseph.garcia@nextgen.com
146,Forward Thinking,Amy,Rodriguez,440,Park Ave,Bigcity,CA,52.90441176,216031.0172,555-555-5555,amy.rodriguez@forwardthinking.com
147,Innovative Concepts,Mark,Kim,884,Elm St,Anytown,NY,53.10294118,217232.0735,555-555-5555,mark.kim@innovconcepts.com
148,Creative Minds,Nicole,Lopez,909,Main St,Smallville,TX,53.30147059,218433.1299,555-555-5555,nicole.lopez@creativeminds.com
149,Leading Edge,Jonathan,Hernandez,242,Oak Ave,Bigcity,CA,53.5,219634.1863,555-555-5555,jonathan.hernandez@leadedge.com
150,Innovative Solutions,Amanda,Nguyen,575,Pine St,Anytown,NY,53.69852941,220835.2426,555-555-5555,amanda.nguyen@inno-solutions.com
151,Dynamic Strategies,Christopher,Park,898,Maple St,Smallville,TX,53.89705882,222036.299,555-555-5555,christopher.park@dynstrategies.com
152,Global Innovations,Elizabeth,Taylor,131,Oak St,Bigcity,CA,54.09558824,223237.3554,555-555-5555,elizabeth.taylor@globinnovations.com
153,Proactive Partners,Nathan,Tran,464,Main St,Anytown,NY,54.29411765,224438.4118,555-555-5556,elizabeth.taylor@globinnovations.com
154,ABC Company,John,Smith,132,Main St,Anytown,CA,54.49264706,225639.4681,555-555-5555,john.smith@abccompany.com
155,XYZ Inc,Emily,Jones,465,Oak Ave,Smallville,NY,54.69117647,226840.5245,555-555-5555,emily.jones@xyzinc.com
156,Acme Corporation,Robert,Johnson,798,Maple St,Bigcity,TX,54.88970588,228041.5809,555-555-5555,robert.johnson@acmecorp.com
157,Superior Solutions,Jennifer,Doe,110,First St,Anothercity,CA,55.08823529,229242.6373,555-555-5555,jennifer.doe@superiorsolutions.com
158,Global Enterprises,Michael,Williams,243,Fifth Ave,Anytown,NY,55.28676471,230443.6936,555-555-5555,michael.williams@globent.com
159,Innovative Ideas,Anna,Kim,687,Ninth St,Smallville,TX,55.48529412,231644.75,555-555-5555,anna.kim@innovideas.com
160,New Horizons,David,Lee,330,Elm St,Bigcity,CA,55.68382353,232845.8064,555-555-5555,david.lee@newhorizons.com
161,Progressive Partners,Sarah,Chen,663,Second Ave,Anytown,NY,55.88235294,234046.8627,555-555-5555,sarah.chen@progpartners.com
162,Next Generation,Joseph,Garcia,996,Third St,Smallville,TX,56.08088235,235247.9191,555-555-5555,joseph.garcia@nextgen.com
163,Forward Thinking,Amy,Rodriguez,441,Park Ave,Bigcity,CA,56.27941176,236448.9755,555-555-5555,amy.rodriguez@forwardthinking.com
164,Innovative Concepts,Mark,Kim,885,Elm St,Anytown,NY,56.47794118,237650.0319,555-555-5555,mark.kim@innovconcepts.com
165,Creative Minds,Nicole,Lopez,910,Main St,Smallville,TX,56.67647059,238851.0882,555-555-5555,nicole.lopez@creativeminds.com
166,Leading Edge,Jonathan,Hernandez,243,Oak Ave,Bigcity,CA,56.875,240052.1446,555-555-5555,jonathan.hernandez@leadedge.com
167,Innovative Solutions,Amanda,Nguyen,576,Pine St,Anytown,NY,57.07352941,241253.201,555-555-5555,amanda.nguyen@inno-solutions.com
168,Dynamic Strategies,Christopher,Park,899,Maple St,Smallville,TX,57.27205882,242454.2574,555-555-5555,christopher.park@dynstrategies.com
169,Global Innovations,Elizabeth,Taylor,132,Oak St,Bigcity,CA,57.47058824,243655.3137,555-555-5555,elizabeth.taylor@globinnovations.com
170,Proactive Partners,Nathan,Tran,465,Main St,Anytown,NY,57.66911765,244856.3701,555-555-5556,elizabeth.taylor@globinnovations.com
171,ABC Company,John,Smith,133,Main St,Anytown,CA,57.86764706,246057.4265,555-555-5555,john.smith@abccompany.com
172,XYZ Inc,Emily,Jones,466,Oak Ave,Smallville,NY,58.06617647,247258.4828,555-555-5555,emily.jones@xyzinc.com
173,Acme Corporation,Robert,Johnson,799,Maple St,Bigcity,TX,58.26470588,248459.5392,555-555-5555,robert.johnson@acmecorp.com
174,Superior Solutions,Jennifer,Doe,111,First St,Anothercity,CA,58.46323529,249660.5956,555-555-5555,jennifer.doe@superiorsolutions.com
175,Global Enterprises,Michael,Williams,244,Fifth Ave,Anytown,NY,58.66176471,250861.652,555-555-5555,michael.williams@globent.com
176,Innovative Ideas,Anna,Kim,688,Ninth St,Smallville,TX,58.86029412,252062.7083,555-555-5555,anna.kim@innovideas.com
177,New Horizons,David,Lee,331,Elm St,Bigcity,CA,59.05882353,253263.7647,555-555-5555,david.lee@newhorizons.com
178,Progressive Partners,Sarah,Chen,664,Second Ave,Anytown,NY,59.25735294,254464.8211,555-555-5555,sarah.chen@progpartners.com
179,Next Generation,Joseph,Garcia,997,Third St,Smallville,TX,59.45588235,255665.8775,555-555-5555,joseph.garcia@nextgen.com
180,Forward Thinking,Amy,Rodriguez,442,Park Ave,Bigcity,CA,59.65441176,256866.9338,555-555-5555,amy.rodriguez@forwardthinking.com
181,Innovative Concepts,Mark,Kim,886,Elm St,Anytown,NY,59.85294118,258067.9902,555-555-5555,mark.kim@innovconcepts.com
182,Creative Minds,Nicole,Lopez,911,Main St,Smallville,TX,60.05147059,259269.0466,555-555-5555,nicole.lopez@creativeminds.com
183,Leading Edge,Jonathan,Hernandez,244,Oak Ave,Bigcity,CA,60.25,260470.1029,555-555-5555,jonathan.hernandez@leadedge.com
184,Innovative Solutions,Amanda,Nguyen,577,Pine St,Anytown,NY,60.44852941,261671.1593,555-555-5555,amanda.nguyen@inno-solutions.com
185,Dynamic Strategies,Christopher,Park,900,Maple St,Smallville,TX,60.64705882,262872.2157,555-555-5555,christopher.park@dynstrategies.com
186,Global Innovations,Elizabeth,Taylor,133,Oak St,Bigcity,CA,60.84558824,264073.2721,555-555-5555,elizabeth.taylor@globinnovations.com
187,Proactive Partners,Nathan,Tran,466,Main St,Anytown,NY,61.04411765,265274.3284,555-555-5556,elizabeth.taylor@globinnovations.com
188,ABC Company,John,Smith,134,Main St,Anytown,CA,61.24264706,266475.3848,555-555-5555,john.smith@abccompany.com
189,XYZ Inc,Emily,Jones,467,Oak Ave,Smallville,NY,61.44117647,267676.4412,555-555-5555,emily.jones@xyzinc.com
190,Acme Corporation,Robert,Johnson,800,Maple St,Bigcity,TX,61.63970588,268877.4975,555-555-5555,robert.johnson@acmecorp.com
191,Superior Solutions,Jennifer,Doe,112,First St,Anothercity,CA,61.83823529,270078.5539,555-555-5555,jennifer.doe@superiorsolutions.com
192,Global Enterprises,Michael,Williams,245,Fifth Ave,Anytown,NY,62.03676471,271279.6103,555-555-5555,michael.williams@globent.com
193,Innovative Ideas,Anna,Kim,689,Ninth St,Smallville,TX,62.23529412,272480.6667,555-555-5555,anna.kim@innovideas.com
194,New Horizons,David,Lee,332,Elm St,Bigcity,CA,62.43382353,273681.723,555-555-5555,david.lee@newhorizons.com
195,Progressive Partners,Sarah,Chen,665,Second Ave,Anytown,NY,62.63235294,274882.7794,555-555-5555,sarah.chen@progpartners.com
196,Next Generation,Joseph,Garcia,998,Third St,Smallville,TX,62.83088235,276083.8358,555-555-5555,joseph.garcia@nextgen.com
197,Forward Thinking,Amy,Rodriguez,443,Park Ave,Bigcity,CA,63.02941176,277284.8922,555-555-5555,amy.rodriguez@forwardthinking.com
198,Innovative Concepts,Mark,Kim,887,Elm St,Anytown,NY,63.22794118,278485.9485,555-555-5555,mark.kim@innovconcepts.com
199,Creative Minds,Nicole,Lopez,912,Main St,Smallville,TX,63.42647059,279687.0049,555-555-5555,nicole.lopez@creativeminds.com
200,Leading Edge,Jonathan,Hernandez,245,Oak Ave,Bigcity,CA,63.625,280888.0613,555-555-5555,jonathan.hernandez@leadedge.com
201,Innovative Solutions,Amanda,Nguyen,578,Pine St,Anytown,NY,63.82352941,282089.1176,555-555-5555,amanda.nguyen@inno-solutions.com
202,Dynamic Strategies,Christopher,Park,901,Maple St,Smallville,TX,64.02205882,283290.174,555-555-5555,christopher.park@dynstrategies.com
203,Global Innovations,Elizabeth,Taylor,134,Oak St,Bigcity,CA,64.22058824,284491.2304,555-555-5555,elizabeth.taylor@globinnovations.com
204,Proactive Partners,Nathan,Tran,467,Main St,Anytown,NY,64.41911765,285692.2868,555-555-5556,elizabeth.taylor@globinnovations.com
205,ABC Company,John,Smith,135,Main St,Anytown,CA,64.61764706,286893.3431,555-555-5555,john.smith@abccompany.com
206,XYZ Inc,Emily,Jones,468,Oak Ave,Smallville,NY,64.81617647,288094.3995,555-555-5555,emily.jones@xyzinc.com
207,Acme Corporation,Robert,Johnson,801,Maple St,Bigcity,TX,65.01470588,289295.4559,555-555-5555,robert.johnson@acmecorp.com
208,Superior Solutions,Jennifer,Doe,113,First St,Anothercity,CA,65.21323529,290496.5123,555-555-5555,jennifer.doe@superiorsolutions.com
209,Global Enterprises,Michael,Williams,246,Fifth Ave,Anytown,NY,65.41176471,291697.5686,555-555-5555,michael.williams@globent.com
210,Innovative Ideas,Anna,Kim,690,Ninth St,Smallville,TX,65.61029412,292898.625,555-555-5555,anna.kim@innovideas.com
211,New Horizons,David,Lee,333,Elm St,Bigcity,CA,65.80882353,294099.6814,555-555-5555,david.lee@newhorizons.com
212,Progressive Partners,Sarah,Chen,666,Second Ave,Anytown,NY,66.00735294,295300.7377,555-555-5555,sarah.chen@progpartners.com
213,Next Generation,Joseph,Garcia,999,Third St,Smallville,TX,66.20588235,296501.7941,555-555-5555,joseph.garcia@nextgen.com
214,Forward Thinking,Amy,Rodriguez,444,Park Ave,Bigcity,CA,66.40441176,297702.8505,555-555-5555,amy.rodriguez@forwardthinking.com
215,Innovative Concepts,Mark,Kim,888,Elm St,Anytown,NY,66.60294118,298903.9069,555-555-5555,mark.kim@innovconcepts.com
216,Creative Minds,Nicole,Lopez,913,Main St,Smallville,TX,66.80147059,300104.9632,555-555-5555,nicole.lopez@creativeminds.com
217,Leading Edge,Jonathan,Hernandez,246,Oak Ave,Bigcity,CA,67,301306.0196,555-555-5555,jonathan.hernandez@leadedge.com
218,Innovative Solutions,Amanda,Nguyen,579,Pine St,Anytown,NY,67.19852941,302507.076,555-555-5555,amanda.nguyen@inno-solutions.com
219,Dynamic Strategies,Christopher,Park,902,Maple St,Smallville,TX,67.39705882,303708.1324,555-555-5555,christopher.park@dynstrategies.com
220,Global Innovations,Elizabeth,Taylor,135,Oak St,Bigcity,CA,67.59558824,304909.1887,555-555-5555,elizabeth.taylor@globinnovations.com
221,Proactive Partners,Nathan,Tran,468,Main St,Anytown,NY,67.79411765,306110.2451,555-555-5556,elizabeth.taylor@globinnovations.com
222,ABC Company,John,Smith,136,Main St,Anytown,CA,67.99264706,307311.3015,555-555-5555,john.smith@abccompany.com
223,XYZ Inc,Emily,Jones,469,Oak Ave,Smallville,NY,68.19117647,308512.3578,555-555-5555,emily.jones@xyzinc.com
224,Acme Corporation,Robert,Johnson,802,Maple St,Bigcity,TX,68.38970588,309713.4142,555-555-5555,robert.johnson@acmecorp.com
225,Superior Solutions,Jennifer,Doe,114,First St,Anothercity,CA,68.58823529,310914.4706,555-555-5555,jennifer.doe@superiorsolutions.com
226,Global Enterprises,Michael,Williams,247,Fifth Ave,Anytown,NY,68.78676471,312115.527,555-555-5555,michael.williams@globent.com
227,Innovative Ideas,Anna,Kim,691,Ninth St,Smallville,TX,68.98529412,313316.5833,555-555-5555,anna.kim@innovideas.com
228,New Horizons,David,Lee,334,Elm St,Bigcity,CA,69.18382353,314517.6397,555-555-5555,david.lee@newhorizons.com
229,Progressive Partners,Sarah,Chen,667,Second Ave,Anytown,NY,69.38235294,315718.6961,555-555-5555,sarah.chen@progpartners.com
230,Next Generation,Joseph,Garcia,100,0 Third St,Smallville,TX,69.58088235,316919.7525,555-555-5555,joseph.garcia@nextgen.com
231,Forward Thinking,Amy,Rodriguez,445,Park Ave,Bigcity,CA,69.77941176,318120.8088,555-555-5555,amy.rodriguez@forwardthinking.com
232,Innovative Concepts,Mark,Kim,889,Elm St,Anytown,NY,69.97794118,319321.8652,555-555-5555,mark.kim@innovconcepts.com
233,Creative Minds,Nicole,Lopez,914,Main St,Smallville,TX,70.17647059,320522.9216,555-555-5555,nicole.lopez@creativeminds.com
234,Leading Edge,Jonathan,Hernandez,247,Oak Ave,Bigcity,CA,70.375,321723.9779,555-555-5555,jonathan.hernandez@leadedge.com
235,Innovative Solutions,Amanda,Nguyen,580,Pine St,Anytown,NY,70.57352941,322925.0343,555-555-5555,amanda.nguyen@inno-solutions.com
236,Dynamic Strategies,Christopher,Park,903,Maple St,Smallville,TX,70.77205882,324126.0907,555-555-5555,christopher.park@dynstrategies.com
237,Global Innovations,Elizabeth,Taylor,136,Oak St,Bigcity,CA,70.97058824,325327.1471,555-555-5555,elizabeth.taylor@globinnovations.com
